{
  "duration": 34.5,
  "language": "english",
  "text": "this app and now it's actually recording my voice so I'm gonna impersonate you know like a demo person or a human demo. Alright so let's figure out how to add to-do items on this app. So we're just gonna type in this middle text box first item and as you can see we are on the completed section. Let's click on all we can see the to-do item has been added. So now let's click on the check box to check it off and once we've done that let's head over to the completed section we can see that the item is actually listed there. Alright",
  "segments": [
    {
      "id": 0,
      "avg_logprob": -0.24302345514297485,
      "compression_ratio": 1.6808511018753052,
      "end": 4.599999904632568,
      "no_speech_prob": 0.0510668009519577,
      "seek": 0,
      "start": 0.0,
      "temperature": 0.0,
      "text": " this app and now it's actually recording my voice so I'm gonna impersonate you",
      "tokens": [
        50364,
        341,
        724,
        293,
        586,
        309,
        311,
        767,
        6613,
        452,
        3177,
        370,
        286,
        478,
        799,
        38147,
        473,
        291,
        50594
      ]
    },
    {
      "id": 1,
      "avg_logprob": -0.24302345514297485,
      "compression_ratio": 1.6808511018753052,
      "end": 10.479999542236328,
      "no_speech_prob": 0.0510668009519577,
      "seek": 0,
      "start": 4.599999904632568,
      "temperature": 0.0,
      "text": " know like a demo person or a human demo. Alright so let's figure out how to add",
      "tokens": [
        50594,
        458,
        411,
        257,
        10723,
        954,
        420,
        257,
        1952,
        10723,
        13,
        2798,
        370,
        718,
        311,
        2573,
        484,
        577,
        281,
        909,
        50888
      ]
    },
    {
      "id": 2,
      "avg_logprob": -0.24302345514297485,
      "compression_ratio": 1.6808511018753052,
      "end": 14.640000343322754,
      "no_speech_prob": 0.0510668009519577,
      "seek": 0,
      "start": 10.479999542236328,
      "temperature": 0.0,
      "text": " to-do items on this app. So we're just gonna type in this middle text box first",
      "tokens": [
        50888,
        281,
        12,
        2595,
        4754,
        322,
        341,
        724,
        13,
        407,
        321,
        434,
        445,
        799,
        2010,
        294,
        341,
        2808,
        2487,
        2424,
        700,
        51096
      ]
    },
    {
      "id": 3,
      "avg_logprob": -0.24302345514297485,
      "compression_ratio": 1.6808511018753052,
      "end": 20.639999389648438,
      "no_speech_prob": 0.0510668009519577,
      "seek": 0,
      "start": 14.640000343322754,
      "temperature": 0.0,
      "text": " item and as you can see we are on the completed section. Let's click on all we",
      "tokens": [
        51096,
        3174,
        293,
        382,
        291,
        393,
        536,
        321,
        366,
        322,
        264,
        7365,
        3541,
        13,
        961,
        311,
        2052,
        322,
        439,
        321,
        51396
      ]
    },
    {
      "id": 4,
      "avg_logprob": -0.24302345514297485,
      "compression_ratio": 1.6808511018753052,
      "end": 25.0,
      "no_speech_prob": 0.0510668009519577,
      "seek": 0,
      "start": 20.639999389648438,
      "temperature": 0.0,
      "text": " can see the to-do item has been added. So now let's click on the check box to",
      "tokens": [
        51396,
        393,
        536,
        264,
        281,
        12,
        2595,
        3174,
        575,
        668,
        3869,
        13,
        407,
        586,
        718,
        311,
        2052,
        322,
        264,
        1520,
        2424,
        281,
        51614
      ]
    },
    {
      "id": 5,
      "avg_logprob": -0.30803537368774414,
      "compression_ratio": 1.3047618865966797,
      "end": 29.459999084472656,
      "no_speech_prob": 0.007119912654161453,
      "seek": 2500,
      "start": 25.0,
      "temperature": 0.0,
      "text": " check it off and once we've done that let's head over to the completed section",
      "tokens": [
        50364,
        1520,
        309,
        766,
        293,
        1564,
        321,
        600,
        1096,
        300,
        718,
        311,
        1378,
        670,
        281,
        264,
        7365,
        3541,
        50587
      ]
    },
    {
      "id": 6,
      "avg_logprob": -0.30803537368774414,
      "compression_ratio": 1.3047618865966797,
      "end": 35.279998779296875,
      "no_speech_prob": 0.007119912654161453,
      "seek": 2500,
      "start": 29.459999084472656,
      "temperature": 0.0,
      "text": " we can see that the item is actually listed there. Alright",
      "tokens": [
        50587,
        321,
        393,
        536,
        300,
        264,
        3174,
        307,
        767,
        10052,
        456,
        13,
        2798,
        50878
      ]
    }
  ],
  "words": null,
  "task": "transcribe"
}