{
  "duration": 24.790000915527344,
  "language": "english",
  "text": "It opens the app. Hey, so I'm going to show you how to add to-do items to the list. So the first thing we're going to do is select this text box and add first item and click Enter. So as you can see, we've added the item. Now I'm going to show you how to check off the box. So we'll check this off. And then if we navigate over to Completed, you can see that that item is actually checked. Now last thing is how we clear items. So we can click on this button. All right, great.",
  "segments": [
    {
      "id": 0,
      "avg_logprob": -0.29275622963905334,
      "compression_ratio": 1.8346153497695923,
      "end": 1.7599999904632568,
      "no_speech_prob": 0.004679114557802677,
      "seek": 0,
      "start": 0.0,
      "temperature": 0.0,
      "text": " It opens the app.",
      "tokens": [
        50364,
        467,
        9870,
        264,
        724,
        13,
        50452
      ]
    },
    {
      "id": 1,
      "avg_logprob": -0.29275622963905334,
      "compression_ratio": 1.8346153497695923,
      "end": 4.360000133514404,
      "no_speech_prob": 0.004679114557802677,
      "seek": 0,
      "start": 1.7599999904632568,
      "temperature": 0.0,
      "text": " Hey, so I'm going to show you how to add to-do items to the list.",
      "tokens": [
        50452,
        1911,
        11,
        370,
        286,
        478,
        516,
        281,
        855,
        291,
        577,
        281,
        909,
        281,
        12,
        2595,
        4754,
        281,
        264,
        1329,
        13,
        50582
      ]
    },
    {
      "id": 2,
      "avg_logprob": -0.29275622963905334,
      "compression_ratio": 1.8346153497695923,
      "end": 8.199999809265137,
      "no_speech_prob": 0.004679114557802677,
      "seek": 0,
      "start": 4.360000133514404,
      "temperature": 0.0,
      "text": " So the first thing we're going to do is select this text box and add first item",
      "tokens": [
        50582,
        407,
        264,
        700,
        551,
        321,
        434,
        516,
        281,
        360,
        307,
        3048,
        341,
        2487,
        2424,
        293,
        909,
        700,
        3174,
        50774
      ]
    },
    {
      "id": 3,
      "avg_logprob": -0.29275622963905334,
      "compression_ratio": 1.8346153497695923,
      "end": 9.479999542236328,
      "no_speech_prob": 0.004679114557802677,
      "seek": 0,
      "start": 8.199999809265137,
      "temperature": 0.0,
      "text": " and click Enter.",
      "tokens": [
        50774,
        293,
        2052,
        10399,
        13,
        50838
      ]
    },
    {
      "id": 4,
      "avg_logprob": -0.29275622963905334,
      "compression_ratio": 1.8346153497695923,
      "end": 11.680000305175781,
      "no_speech_prob": 0.004679114557802677,
      "seek": 0,
      "start": 9.479999542236328,
      "temperature": 0.0,
      "text": " So as you can see, we've added the item.",
      "tokens": [
        50838,
        407,
        382,
        291,
        393,
        536,
        11,
        321,
        600,
        3869,
        264,
        3174,
        13,
        50948
      ]
    },
    {
      "id": 5,
      "avg_logprob": -0.29275622963905334,
      "compression_ratio": 1.8346153497695923,
      "end": 13.359999656677246,
      "no_speech_prob": 0.004679114557802677,
      "seek": 0,
      "start": 11.680000305175781,
      "temperature": 0.0,
      "text": " Now I'm going to show you how to check off the box.",
      "tokens": [
        50948,
        823,
        286,
        478,
        516,
        281,
        855,
        291,
        577,
        281,
        1520,
        766,
        264,
        2424,
        13,
        51032
      ]
    },
    {
      "id": 6,
      "avg_logprob": -0.29275622963905334,
      "compression_ratio": 1.8346153497695923,
      "end": 15.079999923706055,
      "no_speech_prob": 0.004679114557802677,
      "seek": 0,
      "start": 13.359999656677246,
      "temperature": 0.0,
      "text": " So we'll check this off.",
      "tokens": [
        51032,
        407,
        321,
        603,
        1520,
        341,
        766,
        13,
        51118
      ]
    },
    {
      "id": 7,
      "avg_logprob": -0.29275622963905334,
      "compression_ratio": 1.8346153497695923,
      "end": 17.360000610351562,
      "no_speech_prob": 0.004679114557802677,
      "seek": 0,
      "start": 15.079999923706055,
      "temperature": 0.0,
      "text": " And then if we navigate over to Completed,",
      "tokens": [
        51118,
        400,
        550,
        498,
        321,
        12350,
        670,
        281,
        33736,
        10993,
        11,
        51232
      ]
    },
    {
      "id": 8,
      "avg_logprob": -0.29275622963905334,
      "compression_ratio": 1.8346153497695923,
      "end": 19.31999969482422,
      "no_speech_prob": 0.004679114557802677,
      "seek": 0,
      "start": 17.360000610351562,
      "temperature": 0.0,
      "text": " you can see that that item is actually checked.",
      "tokens": [
        51232,
        291,
        393,
        536,
        300,
        300,
        3174,
        307,
        767,
        10033,
        13,
        51330
      ]
    },
    {
      "id": 9,
      "avg_logprob": -0.29275622963905334,
      "compression_ratio": 1.8346153497695923,
      "end": 21.600000381469727,
      "no_speech_prob": 0.004679114557802677,
      "seek": 0,
      "start": 19.31999969482422,
      "temperature": 0.0,
      "text": " Now last thing is how we clear items.",
      "tokens": [
        51330,
        823,
        1036,
        551,
        307,
        577,
        321,
        1850,
        4754,
        13,
        51444
      ]
    },
    {
      "id": 10,
      "avg_logprob": -0.29275622963905334,
      "compression_ratio": 1.8346153497695923,
      "end": 23.479999542236328,
      "no_speech_prob": 0.004679114557802677,
      "seek": 0,
      "start": 21.600000381469727,
      "temperature": 0.0,
      "text": " So we can click on this button.",
      "tokens": [
        51444,
        407,
        321,
        393,
        2052,
        322,
        341,
        2960,
        13,
        51538
      ]
    },
    {
      "id": 11,
      "avg_logprob": -0.29275622963905334,
      "compression_ratio": 1.8346153497695923,
      "end": 25.31999969482422,
      "no_speech_prob": 0.004679114557802677,
      "seek": 0,
      "start": 23.479999542236328,
      "temperature": 0.0,
      "text": " All right, great.",
      "tokens": [
        51538,
        1057,
        558,
        11,
        869,
        13,
        51630
      ]
    }
  ],
  "words": null,
  "task": "transcribe"
}