{
  "duration": 136.9199981689453,
  "language": "english",
  "text": "All right, so we're going to log in to Words, and let me get the password. All right, so we're logging in. Will, can you send it to Faye, please? Thank you. Okay, so we just completed the login flow. Hopefully the session is saved. And now we're in. So here's the demonstration. We're going to navigate over to... I'll use this. Get data. Compustat. North America. All right, so now that we're over North America Compustat, let's look at Fundamentals Annual. So I've clicked on that. So it's taking a second to load. All right. So now we're going to do basic query building at Microsoft. So we'll search for... Oops. We'll do... IBM. And then... We will... Click a few boxes. Boom. All right. Now we'll see if that query completed. It did. It's still running. All right.",
  "segments": [
    {
      "id": 0,
      "avg_logprob": -0.6374209523200989,
      "compression_ratio": 1.3063063621520996,
      "end": 19.600000381469727,
      "no_speech_prob": 0.04021889716386795,
      "seek": 0,
      "start": 0.0,
      "temperature": 0.0,
      "text": " All right, so we're going to log in to Words, and let me get the password.",
      "tokens": [
        50364,
        1057,
        558,
        11,
        370,
        321,
        434,
        516,
        281,
        3565,
        294,
        281,
        8725,
        82,
        11,
        293,
        718,
        385,
        483,
        264,
        11524,
        13,
        51344
      ]
    },
    {
      "id": 1,
      "avg_logprob": -0.6374209523200989,
      "compression_ratio": 1.3063063621520996,
      "end": 21.600000381469727,
      "no_speech_prob": 0.04021889716386795,
      "seek": 0,
      "start": 19.600000381469727,
      "temperature": 0.0,
      "text": " All right, so we're logging in.",
      "tokens": [
        51344,
        1057,
        558,
        11,
        370,
        321,
        434,
        27991,
        294,
        13,
        51444
      ]
    },
    {
      "id": 2,
      "avg_logprob": -0.6374209523200989,
      "compression_ratio": 1.3063063621520996,
      "end": 27.600000381469727,
      "no_speech_prob": 0.04021889716386795,
      "seek": 0,
      "start": 21.600000381469727,
      "temperature": 0.0,
      "text": " Will, can you send it to Faye, please?",
      "tokens": [
        51444,
        3099,
        11,
        393,
        291,
        2845,
        309,
        281,
        479,
        33449,
        11,
        1767,
        30,
        51744
      ]
    },
    {
      "id": 3,
      "avg_logprob": -0.40387532114982605,
      "compression_ratio": 1.2816901206970215,
      "end": 36.20000076293945,
      "no_speech_prob": 0.005382537376135588,
      "seek": 2760,
      "start": 28.200000762939453,
      "temperature": 0.0,
      "text": " Thank you.",
      "tokens": [
        50394,
        1044,
        291,
        13,
        50794
      ]
    },
    {
      "id": 4,
      "avg_logprob": -0.40387532114982605,
      "compression_ratio": 1.2816901206970215,
      "end": 40.20000076293945,
      "no_speech_prob": 0.005382537376135588,
      "seek": 2760,
      "start": 36.20000076293945,
      "temperature": 0.0,
      "text": " Okay, so we just completed the login flow.",
      "tokens": [
        50794,
        1033,
        11,
        370,
        321,
        445,
        7365,
        264,
        24276,
        3095,
        13,
        50994
      ]
    },
    {
      "id": 5,
      "avg_logprob": -0.40387532114982605,
      "compression_ratio": 1.2816901206970215,
      "end": 42.20000076293945,
      "no_speech_prob": 0.005382537376135588,
      "seek": 2760,
      "start": 40.20000076293945,
      "temperature": 0.0,
      "text": " Hopefully the session is saved.",
      "tokens": [
        50994,
        10429,
        264,
        5481,
        307,
        6624,
        13,
        51094
      ]
    },
    {
      "id": 6,
      "avg_logprob": -0.40387532114982605,
      "compression_ratio": 1.2816901206970215,
      "end": 44.20000076293945,
      "no_speech_prob": 0.005382537376135588,
      "seek": 2760,
      "start": 42.20000076293945,
      "temperature": 0.0,
      "text": " And now we're in.",
      "tokens": [
        51094,
        400,
        586,
        321,
        434,
        294,
        13,
        51194
      ]
    },
    {
      "id": 7,
      "avg_logprob": -0.40387532114982605,
      "compression_ratio": 1.2816901206970215,
      "end": 46.20000076293945,
      "no_speech_prob": 0.005382537376135588,
      "seek": 2760,
      "start": 44.20000076293945,
      "temperature": 0.0,
      "text": " So here's the demonstration.",
      "tokens": [
        51194,
        407,
        510,
        311,
        264,
        16520,
        13,
        51294
      ]
    },
    {
      "id": 8,
      "avg_logprob": -0.40387532114982605,
      "compression_ratio": 1.2816901206970215,
      "end": 50.20000076293945,
      "no_speech_prob": 0.005382537376135588,
      "seek": 2760,
      "start": 46.20000076293945,
      "temperature": 0.0,
      "text": " We're going to navigate over to...",
      "tokens": [
        51294,
        492,
        434,
        516,
        281,
        12350,
        670,
        281,
        485,
        51494
      ]
    },
    {
      "id": 9,
      "avg_logprob": -0.40387532114982605,
      "compression_ratio": 1.2816901206970215,
      "end": 54.20000076293945,
      "no_speech_prob": 0.005382537376135588,
      "seek": 2760,
      "start": 50.20000076293945,
      "temperature": 0.0,
      "text": " I'll use this.",
      "tokens": [
        51494,
        286,
        603,
        764,
        341,
        13,
        51694
      ]
    },
    {
      "id": 10,
      "avg_logprob": -0.25600218772888184,
      "compression_ratio": 1.375,
      "end": 58.79999923706055,
      "no_speech_prob": 0.05498231574892998,
      "seek": 5420,
      "start": 54.79999923706055,
      "temperature": 0.0,
      "text": " Get data.",
      "tokens": [
        50394,
        3240,
        1412,
        13,
        50594
      ]
    },
    {
      "id": 11,
      "avg_logprob": -0.25600218772888184,
      "compression_ratio": 1.375,
      "end": 60.79999923706055,
      "no_speech_prob": 0.05498231574892998,
      "seek": 5420,
      "start": 58.79999923706055,
      "temperature": 0.0,
      "text": " Compustat.",
      "tokens": [
        50594,
        6620,
        381,
        267,
        13,
        50694
      ]
    },
    {
      "id": 12,
      "avg_logprob": -0.25600218772888184,
      "compression_ratio": 1.375,
      "end": 62.79999923706055,
      "no_speech_prob": 0.05498231574892998,
      "seek": 5420,
      "start": 60.79999923706055,
      "temperature": 0.0,
      "text": " North America.",
      "tokens": [
        50694,
        4067,
        3374,
        13,
        50794
      ]
    },
    {
      "id": 13,
      "avg_logprob": -0.25600218772888184,
      "compression_ratio": 1.375,
      "end": 66.80000305175781,
      "no_speech_prob": 0.05498231574892998,
      "seek": 5420,
      "start": 62.79999923706055,
      "temperature": 0.0,
      "text": " All right, so now that we're over North America Compustat,",
      "tokens": [
        50794,
        1057,
        558,
        11,
        370,
        586,
        300,
        321,
        434,
        670,
        4067,
        3374,
        6620,
        381,
        267,
        11,
        50994
      ]
    },
    {
      "id": 14,
      "avg_logprob": -0.25600218772888184,
      "compression_ratio": 1.375,
      "end": 72.80000305175781,
      "no_speech_prob": 0.05498231574892998,
      "seek": 5420,
      "start": 66.80000305175781,
      "temperature": 0.0,
      "text": " let's look at Fundamentals Annual.",