{
  "duration": 31.8799991607666,
  "language": "english",
  "text": "opens Playwright Code Gen, and now it's recording my voice as well. So I'm going to simulate a workflow demonstration. Okay, so here I'm going to demonstrate how to add to-do items to the list. So first, first let's type first item, click enter. So we've added that, and now if we navigate it to all, we can see that this item is added. So we can check it off, and then let's navigate back to completed to view the completed to-do items, and as you can see it's there. That's all. So we'll end this.",
  "segments": [
    {
      "id": 0,
      "avg_logprob": -0.2961726486682892,
      "compression_ratio": 1.7862595319747925,
      "end": 4.840000152587891,
      "no_speech_prob": 0.0072318073362112045,
      "seek": 0,
      "start": 0.0,
      "temperature": 0.0,
      "text": " opens Playwright Code Gen, and now it's recording my voice as well. So I'm going",
      "tokens": [
        50364,
        9870,
        5506,
        37752,
        15549,
        3632,
        11,
        293,
        586,
        309,
        311,
        6613,
        452,
        3177,
        382,
        731,
        13,
        407,
        286,
        478,
        516,
        50606
      ]
    },
    {
      "id": 1,
      "avg_logprob": -0.2961726486682892,
      "compression_ratio": 1.7862595319747925,
      "end": 9.279999732971191,
      "no_speech_prob": 0.0072318073362112045,
      "seek": 0,
      "start": 4.840000152587891,
      "temperature": 0.0,
      "text": " to simulate a workflow demonstration. Okay, so here I'm going to demonstrate how",
      "tokens": [
        50606,
        281,
        27817,
        257,
        20993,
        16520,
        13,
        1033,
        11,
        370,
        510,
        286,
        478,
        516,
        281,
        11698,
        577,
        50828
      ]
    },
    {
      "id": 2,
      "avg_logprob": -0.2961726486682892,
      "compression_ratio": 1.7862595319747925,
      "end": 15.0,
      "no_speech_prob": 0.0072318073362112045,
      "seek": 0,
      "start": 9.279999732971191,
      "temperature": 0.0,
      "text": " to add to-do items to the list. So first, first let's type first item, click enter.",
      "tokens": [
        50828,
        281,
        909,
        281,
        12,
        2595,
        4754,
        281,
        264,
        1329,
        13,
        407,
        700,
        11,
        700,
        718,
        311,
        2010,
        700,
        3174,
        11,
        2052,
        3242,
        13,
        51114
      ]
    },
    {
      "id": 3,
      "avg_logprob": -0.2961726486682892,
      "compression_ratio": 1.7862595319747925,
      "end": 21.040000915527344,
      "no_speech_prob": 0.0072318073362112045,
      "seek": 0,
      "start": 15.0,
      "temperature": 0.0,
      "text": " So we've added that, and now if we navigate it to all, we can see that this",
      "tokens": [
        51114,
        407,
        321,
        600,
        3869,
        300,
        11,
        293,
        586,
        498,
        321,
        12350,
        309,
        281,
        439,
        11,
        321,
        393,
        536,
        300,
        341,
        51416
      ]
    },
    {
      "id": 4,
      "avg_logprob": -0.2961726486682892,
      "compression_ratio": 1.7862595319747925,
      "end": 24.799999237060547,
      "no_speech_prob": 0.0072318073362112045,
      "seek": 0,
      "start": 21.040000915527344,
      "temperature": 0.0,
      "text": " item is added. So we can check it off, and then let's navigate back to",
      "tokens": [
        51416,
        3174,
        307,
        3869,
        13,
        407,
        321,
        393,
        1520,
        309,
        766,
        11,
        293,
        550,
        718,
        311,
        12350,
        646,
        281,
        51604
      ]
    },
    {
      "id": 5,
      "avg_logprob": -0.2961726486682892,
      "compression_ratio": 1.7862595319747925,
      "end": 28.559999465942383,
      "no_speech_prob": 0.0072318073362112045,
      "seek": 0,
      "start": 24.799999237060547,
      "temperature": 0.0,
      "text": " completed to view the completed to-do items, and as you can see it's there.",
      "tokens": [
        51604,
        7365,
        281,
        1910,
        264,
        7365,
        281,
        12,
        2595,
        4754,
        11,
        293,
        382,
        291,
        393,
        536,
        309,
        311,
        456,
        13,
        51792
      ]
    },
    {
      "id": 6,
      "avg_logprob": -0.4340517222881317,
      "compression_ratio": 0.7894737124443054,
      "end": 33.52000045776367,
      "no_speech_prob": 0.18208500742912292,
      "seek": 2856,
      "start": 28.559999465942383,
      "temperature": 0.0,
      "text": " That's all. So we'll end this.",
      "tokens": [
        50364,
        663,
        311,
        439,
        13,
        407,
        321,
        603,
        917,
        341,
        13,
        50612
      ]
    }
  ],
  "words": null,
  "task": "transcribe"
}